#Counts,#Real temp,#Real temp,#Errors
0,83.25,356.25,1
50,83,356,1
100,82.75,355.75,1
150,82.5,355.5,1
200,82.25,355.25,1
250,82,355,1
300,81.75,354.75,1
350,81.5,354.5,1
400,81.25,354.25,1
450,81.06,354.06,1
500,80.94,353.94,1
550,80.75,353.75,1
600,80.5,353.5,1
650,80.31,353.31,1
700,80.19,353.19,1
750,80,353,1
800,79.81,352.81,1
850,79.62,352.62,1
900,79.5,352.5,1
950,79.37,352.37,1
1000,79.19,352.19,1
1050,79.06,352.06,1
1100,78.81,351.81,1
1150,78.62,351.62,1
1200,78.44,351.44,1
1250,78.25,351.25,1
1300,78.12,351.12,1
1350,78,351,1
1400,77.75,350.75,1
1450,77.62,350.62,1
1500,77.44,350.44,1
1550,77.31,350.31,1
1600,77.06,350.06,1
1650,76.94,349.94,1
1700,76.75,349.75,1
1750,76.5,349.5,1
1800,76.31,349.31,1
1850,76.12,349.12,1
1900,76,349,1
1950,75.81,348.81,1
2000,75.62,348.62,1
2050,75.44,348.44,1
2100,75.31,348.31,1
2150,75.19,348.19,1
2200,75.06,348.06,1
2250,74.87,347.87,1
2300,74.81,347.81,1
2350,74.69,347.69,1
2400,74.5,347.5,1
2450,74.37,347.37,1
2500,74.25,347.25,1
2550,74.06,347.06,1
2600,74,347,1
2650,73.87,346.87,1
2700,73.75,346.75,1
2750,73.56,346.56,1
2800,73.37,346.37,1
2850,73.25,346.25,1
2900,73.12,346.12,1
2950,72.94,345.94,1
3000,72.81,345.81,1
3050,72.62,345.62,1
3100,72.5,345.5,1
3150,72.37,345.37,1
3200,72.25,345.25,1
3250,72.19,345.19,1
3300,72.06,345.06,1
3350,71.94,344.94,1
3400,71.81,344.81,1
3450,71.62,344.62,1
3500,71.5,344.5,1
3550,71.37,344.37,1
3600,71.25,344.25,1
3650,71.12,344.12,1
3700,71.06,344.06,1
3750,70.94,343.94,1
3800,70.81,343.81,1
3850,70.69,343.69,1
3900,70.56,343.56,1
3950,70.44,343.44,1
4000,70.31,343.31,1
4050,70.19,343.19,1
4100,70,343,1
4150,69.94,342.94,1
4200,69.81,342.81,1
4250,69.69,342.69,1
4300,69.5,342.5,1
4350,69.37,342.37,1
4400,69.31,342.31,1
4450,69.19,342.19,1
4500,69.06,342.06,1
4550,68.94,341.94,1
4600,68.81,341.81,1
4650,68.69,341.69,1
4700,68.56,341.56,1
4750,68.5,341.5,1
4800,68.37,341.37,1
4850,68.25,341.25,1
4900,68.19,341.19,1
4950,68.06,341.06,1
5000,67.94,340.94,1
5050,67.81,340.81,1
5100,67.69,340.69,1
5150,67.62,340.62,1
5200,67.5,340.5,1
5250,67.44,340.44,1
5300,67.37,340.37,1
5350,67.25,340.25,1
5400,67.12,340.12,1
5450,67.06,340.06,1
5500,67,340,1
5550,66.94,339.94,1
5600,66.81,339.81,1
5650,66.69,339.69,1
5700,66.56,339.56,1
5750,66.5,339.5,1
5800,66.37,339.37,1
5850,66.31,339.31,1
5900,66.19,339.19,1
5950,66.06,339.06,1
6000,65.94,338.94,1
6050,65.81,338.81,1
6100,65.69,338.69,1
6150,65.56,338.56,1
6200,65.44,338.44,1
6250,65.37,338.37,1
6300,65.19,338.19,1
6350,65.06,338.06,1
6400,65,338,1
6450,64.94,337.94,1
6500,64.81,337.81,1
6550,64.75,337.75,1
6600,64.62,337.62,1
6650,64.56,337.56,1
6700,64.5,337.5,1
6750,64.37,337.37,1
6800,64.31,337.31,1
6850,64.19,337.19,1
6900,64.12,337.12,1
6950,64.06,337.06,1
7000,63.94,336.94,1
7050,63.88,336.88,1
7100,63.81,336.81,1
7150,63.69,336.69,1
7200,63.63,336.63,1
7250,63.5,336.5,1
7300,63.44,336.44,1
7350,63.38,336.38,1
7400,63.25,336.25,1
7450,63.19,336.19,1
7500,63.06,336.06,1
7550,63,336,1
7600,62.94,335.94,1
7650,62.81,335.81,1
7700,62.75,335.75,1
7750,62.63,335.63,1
7800,62.56,335.56,1
7850,62.5,335.5,1
7900,62.38,335.38,1
7950,62.31,335.31,1
8000,62.25,335.25,1
8050,62.19,335.19,1
8100,62.06,335.06,1
8150,62,335,1
8200,61.94,334.94,1
8250,61.88,334.88,1
8300,61.75,334.75,1
8350,61.63,334.63,1
8400,61.56,334.56,1
8450,61.5,334.5,1
8500,61.38,334.38,1
8550,61.31,334.31,1
8600,61.25,334.25,1
8650,61.19,334.19,1
8700,61.13,334.13,1
8750,61.06,334.06,1
8800,60.94,333.94,1
8850,60.88,333.88,1
8900,60.81,333.81,1
8950,60.75,333.75,1
9000,60.63,333.63,1
9050,60.56,333.56,1
9100,60.5,333.5,1
9150,60.44,333.44,1
9200,60.31,333.31,1
9250,60.25,333.25,1
9300,60.19,333.19,1
9350,60.13,333.13,1
9400,60.06,333.06,1
9450,59.94,332.94,1
9500,59.88,332.88,1
9550,59.81,332.81,1
9600,59.75,332.75,1
9650,59.69,332.69,1
9700,59.63,332.63,1
9750,59.56,332.56,1
9800,59.44,332.44,1
9850,59.38,332.38,1
9900,59.31,332.31,1
9950,59.19,332.19,1
10000,59.13,332.13,1
10050,59.06,332.06,1
10100,59,332,1
10150,58.94,331.94,1
10200,58.88,331.88,1
10250,58.88,331.88,1
10300,58.81,331.81,1
10350,58.69,331.69,1
10400,58.69,331.69,1
10450,58.56,331.56,1
10500,58.5,331.5,1
10550,58.44,331.44,1
10600,58.38,331.38,1
10650,58.31,331.31,1
10700,58.25,331.25,1
10750,58.19,331.19,1
10800,58.06,331.06,1
10850,58,331,1
10900,57.94,330.94,1
10950,57.88,330.88,1
11000,57.81,330.81,1
11050,57.75,330.75,1
11100,57.69,330.69,1
11150,57.63,330.63,1
11200,57.63,330.63,1
11250,57.56,330.56,1
11300,57.5,330.5,1
11350,57.44,330.44,1
11400,57.38,330.38,1
11450,57.31,330.31,1
11500,57.25,330.25,1
11550,57.19,330.19,1
11600,57.13,330.13,1
11650,57.06,330.06,1
11700,57,330,1
11750,56.94,329.94,1
11800,56.88,329.88,1
11850,56.75,329.75,1
11900,56.69,329.69,1
11950,56.63,329.63,1
12000,56.56,329.56,1
12050,56.5,329.5,1
12100,56.5,329.5,1
12150,56.44,329.44,1
12200,56.38,329.38,1
12250,56.31,329.31,1
12300,56.19,329.19,1
12350,56.19,329.19,1
12400,56.06,329.06,1
12450,56.06,329.06,1
12500,56,329,1
12550,55.94,328.94,1
12600,55.81,328.81,1
12650,55.81,328.81,1
12700,55.69,328.69,1
12750,55.69,328.69,1
12800,55.63,328.63,1
12850,55.56,328.56,1
12900,55.5,328.5,1
12950,55.5,328.5,1
13000,55.44,328.44,1
13050,55.38,328.38,1
13100,55.31,328.31,1
13150,55.31,328.31,1
13200,55.19,328.19,1
13250,55.13,328.13,1
13300,55.13,328.13,1
13350,55,328,1
13400,55,328,1
13450,54.94,327.94,1
13500,54.88,327.88,1
13550,54.81,327.81,1
13600,54.75,327.75,1
13650,54.69,327.69,1
13700,54.69,327.69,1
13750,54.63,327.63,1
13800,54.56,327.56,1
13850,54.5,327.5,1
13900,54.44,327.44,1
13950,54.38,327.38,1
14000,54.31,327.31,1
14050,54.31,327.31,1
14100,54.25,327.25,1
14150,54.13,327.13,1
14200,54.13,327.13,1
14250,54.06,327.06,1
14300,54,327,1
14350,53.94,326.94,1
14400,53.88,326.88,1
14450,53.81,326.81,1
14500,53.75,326.75,1
14550,53.75,326.75,1
14600,53.69,326.69,1
14650,53.63,326.63,1
14700,53.56,326.56,1
14750,53.5,326.5,1
14800,53.44,326.44,1
14850,53.44,326.44,1
14900,53.31,326.31,1
14950,53.31,326.31,1
15000,53.25,326.25,1
15050,53.19,326.19,1
15100,53.19,326.19,1
15150,53.13,326.13,1
15200,53.06,326.06,1
15250,53,326,1
15300,52.94,325.94,1
15350,52.94,325.94,1
15400,52.88,325.88,1
15450,52.81,325.81,1
15500,52.81,325.81,1
15550,52.75,325.75,1
15600,52.69,325.69,1
15650,52.63,325.63,1
15700,52.56,325.56,1
15750,52.5,325.5,1
15800,52.5,325.5,1
15850,52.44,325.44,1
15900,52.38,325.38,1
15950,52.31,325.31,1
16000,52.31,325.31,1
16050,52.25,325.25,1
16100,52.19,325.19,1
16150,52.19,325.19,1
16200,52.13,325.13,1
16250,52.06,325.06,1
16300,52,325,1
16350,51.94,324.94,1
16400,51.94,324.94,1
16450,51.88,324.88,1
16500,51.81,324.81,1
16550,51.81,324.81,1
16600,51.75,324.75,1
16650,51.69,324.69,1
16700,51.63,324.63,1
16750,51.63,324.63,1
16800,51.56,324.56,1
16850,51.5,324.5,1
16900,51.44,324.44,1
16950,51.44,324.44,1
17000,51.38,324.38,1
17050,51.31,324.31,1
17100,51.25,324.25,1
17150,51.25,324.25,1
17200,51.19,324.19,1
17250,51.13,324.13,1
17300,51.06,324.06,1
17350,51,324,1
17400,51,324,1
17450,50.94,323.94,1
17500,50.88,323.88,1
17550,50.81,323.81,1
17600,50.81,323.81,1
17650,50.81,323.81,1
17700,50.75,323.75,1
17750,50.69,323.69,1
17800,50.69,323.69,1
17850,50.63,323.63,1
17900,50.56,323.56,1
17950,50.56,323.56,1
18000,50.5,323.5,1
18050,50.44,323.44,1
18100,50.44,323.44,1
18150,50.38,323.38,1
18200,50.31,323.31,1
18250,50.31,323.31,1
18300,50.25,323.25,1
18350,50.19,323.19,1
18400,50.19,323.19,1
18450,50.13,323.13,1
18500,50.06,323.06,1
18550,50,323,1
18600,50,323,1
18650,49.94,322.94,1
18700,49.94,322.94,1
18750,49.88,322.88,1
18800,49.81,322.81,1
18850,49.81,322.81,1
18900,49.75,322.75,1
18950,49.69,322.69,1
19000,49.69,322.69,1
19050,49.63,322.63,1
19100,49.56,322.56,1
19150,49.56,322.56,1
19200,49.5,322.5,1
19250,49.44,322.44,1
19300,49.44,322.44,1
19350,49.38,322.38,1
19400,49.31,322.31,1
19450,49.31,322.31,1
19500,49.25,322.25,1
19550,49.25,322.25,1
19600,49.19,322.19,1
19650,49.13,322.13,1
19700,49.13,322.13,1
19750,49.06,322.06,1
19800,49.06,322.06,1
19850,49,322,1
19900,49,322,1
19950,48.94,321.94,1
20000,48.94,321.94,1
20050,48.88,321.88,1
20100,48.81,321.81,1
20150,48.81,321.81,1
20200,48.75,321.75,1
20250,48.69,321.69,1
20300,48.69,321.69,1
20350,48.63,321.63,1
20400,48.56,321.56,1
20450,48.56,321.56,1
20500,48.5,321.5,1
20550,48.5,321.5,1
20600,48.44,321.44,1
20650,48.44,321.44,1
20700,48.38,321.38,1
20750,48.31,321.31,1
20800,48.31,321.31,1
20850,48.25,321.25,1
20900,48.25,321.25,1
20950,48.19,321.19,1
21000,48.19,321.19,1
21050,48.13,321.13,1
21100,48.06,321.06,1
21150,48.06,321.06,1
21200,48,321,1
21250,48,321,1
21300,48,321,1
21350,47.94,320.94,1
21400,47.88,320.88,1
21450,47.88,320.88,1
21500,47.81,320.81,1
21550,47.81,320.81,1
21600,47.75,320.75,1
21650,47.69,320.69,1
21700,47.69,320.69,1
21750,47.63,320.63,1
21800,47.56,320.56,1
21850,47.56,320.56,1
21900,47.5,320.5,1
21950,47.44,320.44,1
22000,47.44,320.44,1
22050,47.38,320.38,1
22100,47.38,320.38,1
22150,47.31,320.31,1
22200,47.31,320.31,1
22250,47.25,320.25,1
22300,47.25,320.25,1
22350,47.19,320.19,1
22400,47.19,320.19,1
22450,47.19,320.19,1
22500,47.13,320.13,1
22550,47.13,320.13,1
22600,47.06,320.06,1
22650,47,320,1
22700,47,320,1
22750,46.94,319.94,1
22800,46.94,319.94,1
22850,46.88,319.88,1
22900,46.88,319.88,1
22950,46.81,319.81,1
23000,46.81,319.81,1
23050,46.75,319.75,1
23100,46.75,319.75,1
23150,46.69,319.69,1
23200,46.69,319.69,1
23250,46.63,319.63,1
23300,46.56,319.56,1
23350,46.56,319.56,1
23400,46.5,319.5,1
23450,46.5,319.5,1
23500,46.44,319.44,1
23550,46.44,319.44,1
23600,46.38,319.38,1
23650,46.38,319.38,1
23700,46.31,319.31,1
23750,46.25,319.25,1
23800,46.25,319.25,1
23850,46.25,319.25,1
23900,46.19,319.19,1
23950,46.19,319.19,1
24000,46.13,319.13,1
24050,46.13,319.13,1
24100,46.06,319.06,1
24150,46.06,319.06,1
24200,46,319,1
24250,46,319,1
24300,46,319,1
24350,45.94,318.94,1
24400,45.88,318.88,1
24450,45.88,318.88,1
24500,45.88,318.88,1
24550,45.81,318.81,1
24600,45.81,318.81,1
24650,45.75,318.75,1
24700,45.69,318.69,1
24750,45.63,318.63,1
24800,45.63,318.63,1
24850,45.56,318.56,1
24900,45.56,318.56,1
24950,45.56,318.56,1
25000,45.5,318.5,1
25050,45.5,318.5,1
25100,45.5,318.5,1
25150,45.44,318.44,1
25200,45.44,318.44,1
25250,45.38,318.38,1
25300,45.38,318.38,1
25350,45.38,318.38,1
25400,45.31,318.31,1
25450,45.25,318.25,1
25500,45.25,318.25,1
25550,45.25,318.25,1
25600,45.19,318.19,1
25650,45.13,318.13,1
25700,45.13,318.13,1
25750,45.06,318.06,1
25800,45.06,318.06,1
25850,45,318,1
25900,45,318,1
25950,44.94,317.94,1
26000,44.88,317.88,1
26050,44.88,317.88,1
26100,44.88,317.88,1
26150,44.81,317.81,1
26200,44.81,317.81,1
26250,44.75,317.75,1
26300,44.75,317.75,1
26350,44.69,317.69,1
26400,44.69,317.69,1
26450,44.63,317.63,1
26500,44.63,317.63,1
26550,44.56,317.56,1
26600,44.56,317.56,1
26650,44.5,317.5,1
26700,44.5,317.5,1
26750,44.5,317.5,1
26800,44.44,317.44,1
26850,44.38,317.38,1
26900,44.38,317.38,1
26950,44.38,317.38,1
27000,44.31,317.31,1
27050,44.25,317.25,1
27100,44.25,317.25,1
27150,44.25,317.25,1
27200,44.25,317.25,1
27250,44.19,317.19,1
27300,44.19,317.19,1
27350,44.19,317.19,1
27400,44.13,317.13,1
27450,44.13,317.13,1
27500,44.13,317.13,1
27550,44.06,317.06,1
27600,44.06,317.06,1
27650,44,317,1
27700,44,317,1
27750,43.94,316.94,1
27800,43.94,316.94,1
27850,43.88,316.88,1
27900,43.88,316.88,1
27950,43.81,316.81,1
28000,43.81,316.81,1
28050,43.75,316.75,1
28100,43.75,316.75,1
28150,43.75,316.75,1
28200,43.69,316.69,1
28250,43.69,316.69,1
28300,43.63,316.63,1
28350,43.63,316.63,1
28400,43.63,316.63,1
28450,43.56,316.56,1
28500,43.56,316.56,1
28550,43.5,316.5,1
28600,43.5,316.5,1
28650,43.44,316.44,1
28700,43.44,316.44,1
28750,43.38,316.38,1
28800,43.38,316.38,1
28850,43.38,316.38,1
28900,43.31,316.31,1
28950,43.31,316.31,1
29000,43.25,316.25,1
29050,43.25,316.25,1
29100,43.25,316.25,1
29150,43.19,316.19,1
29200,43.13,316.13,1
29250,43.13,316.13,1
29300,43.06,316.06,1
29350,43.06,316.06,1
29400,43,316,1
29450,43,316,1
29500,43,316,1
29550,42.94,315.94,1
29600,42.94,315.94,1
29650,42.94,315.94,1
29700,42.88,315.88,1
29750,42.88,315.88,1
29800,42.81,315.81,1
29850,42.81,315.81,1
29900,42.81,315.81,1
29950,42.75,315.75,1
30000,42.75,315.75,1
30050,42.75,315.75,1
30100,42.69,315.69,1
30150,42.69,315.69,1
30200,42.63,315.63,1
30250,42.63,315.63,1
30300,42.63,315.63,1
30350,42.56,315.56,1
30400,42.56,315.56,1
30450,42.56,315.56,1
30500,42.5,315.5,1
30550,42.5,315.5,1
30600,42.5,315.5,1
30650,42.44,315.44,1
30700,42.44,315.44,1
30750,42.38,315.38,1
30800,42.38,315.38,1
30850,42.31,315.31,1
30900,42.31,315.31,1
30950,42.31,315.31,1
31000,42.25,315.25,1
31050,42.25,315.25,1
31100,42.25,315.25,1
31150,42.19,315.19,1
31200,42.19,315.19,1
31250,42.19,315.19,1
31300,42.13,315.13,1
31350,42.13,315.13,1
31400,42.06,315.06,1
31450,42.06,315.06,1
31500,42.06,315.06,1
31550,42,315,1
31600,42,315,1
31650,42,315,1
31700,41.94,314.94,1
31750,41.94,314.94,1
31800,41.94,314.94,1
31850,41.88,314.88,1
31900,41.88,314.88,1
31950,41.81,314.81,1
32000,41.81,314.81,1
32050,41.81,314.81,1
32100,41.81,314.81,1
32150,41.75,314.75,1
32200,41.75,314.75,1
32250,41.69,314.69,1
32300,41.69,314.69,1
32350,41.69,314.69,1
32400,41.63,314.63,1
32450,41.63,314.63,1
32500,41.63,314.63,1
32550,41.56,314.56,1
32600,41.56,314.56,1
32650,41.56,314.56,1
32700,41.5,314.5,1
32750,41.5,314.5,1
32800,41.44,314.44,1
32850,41.44,314.44,1
32900,41.38,314.38,1
32950,41.38,314.38,1
33000,41.38,314.38,1
33050,41.31,314.31,1
33100,41.31,314.31,1
33150,41.31,314.31,1
33200,41.25,314.25,1
33250,41.25,314.25,1
33300,41.19,314.19,1
33350,41.19,314.19,1
33400,41.19,314.19,1
33450,41.19,314.19,1
33500,41.13,314.13,1
33550,41.13,314.13,1
33600,41.13,314.13,1
33650,41.06,314.06,1
33700,41.06,314.06,1
33750,41.06,314.06,1
33800,41,314,1
33850,41,314,1
33900,40.94,313.94,1
33950,40.94,313.94,1
34000,40.94,313.94,1
34050,40.88,313.88,1
34100,40.88,313.88,1
34150,40.88,313.88,1
34200,40.81,313.81,1
34250,40.81,313.81,1
34300,40.81,313.81,1
34350,40.75,313.75,1
34400,40.75,313.75,1
34450,40.69,313.69,1
34500,40.69,313.69,1
34550,40.69,313.69,1
34600,40.69,313.69,1
34650,40.63,313.63,1
34700,40.63,313.63,1
34750,40.56,313.56,1
34800,40.56,313.56,1
34850,40.56,313.56,1
34900,40.5,313.5,1
34950,40.5,313.5,1
35000,40.5,313.5,1
35050,40.44,313.44,1
35100,40.44,313.44,1
35150,40.44,313.44,1
35200,40.44,313.44,1
35250,40.44,313.44,1
35300,40.38,313.38,1
35350,40.31,313.31,1
35400,40.31,313.31,1
35450,40.31,313.31,1
35500,40.31,313.31,1
35550,40.25,313.25,1
35600,40.25,313.25,1
35650,40.25,313.25,1
35700,40.19,313.19,1
35750,40.19,313.19,1
35800,40.19,313.19,1
35850,40.13,313.13,1
35900,40.13,313.13,1
35950,40.13,313.13,1
36000,40.06,313.06,1
36050,40.06,313.06,1
36100,40.06,313.06,1
36150,40.06,313.06,1
36200,40,313,1
36250,40,313,1
36300,40,313,1
36350,39.94,312.94,1
36400,39.94,312.94,1
36450,39.94,312.94,1
36500,39.88,312.88,1
36550,39.88,312.88,1
36600,39.88,312.88,1
36650,39.81,312.81,1
36700,39.81,312.81,1
36750,39.81,312.81,1
36800,39.75,312.75,1
36850,39.75,312.75,1
36900,39.75,312.75,1
36950,39.69,312.69,1
37000,39.69,312.69,1
37050,39.69,312.69,1
37100,39.63,312.63,1
37150,39.63,312.63,1
37200,39.56,312.56,1
37250,39.56,312.56,1
37300,39.56,312.56,1
37350,39.56,312.56,1
37400,39.5,312.5,1
37450,39.5,312.5,1
37500,39.5,312.5,1
37550,39.44,312.44,1
37600,39.44,312.44,1
37650,39.38,312.38,1
37700,39.38,312.38,1
37750,39.38,312.38,1
37800,39.38,312.38,1
37850,39.31,312.31,1
37900,39.31,312.31,1
37950,39.31,312.31,1
38000,39.31,312.31,1
38050,39.25,312.25,1
38100,39.25,312.25,1
38150,39.25,312.25,1
38200,39.19,312.19,1
38250,39.19,312.19,1
38300,39.13,312.13,1
38350,39.19,312.19,1
38400,39.13,312.13,1
38450,39.13,312.13,1
38500,39.13,312.13,1
38550,39.06,312.06,1
38600,39.06,312.06,1
38650,39.06,312.06,1
38700,39.06,312.06,1
38750,39.06,312.06,1
38800,39,312,1
38850,39,312,1
38900,38.94,311.94,1
38950,38.94,311.94,1
39000,38.94,311.94,1
39050,38.88,311.88,1
39100,38.88,311.88,1
39150,38.88,311.88,1
39200,38.88,311.88,1
39250,38.81,311.81,1
39300,38.81,311.81,1
39350,38.81,311.81,1
39400,38.75,311.75,1
39450,38.75,311.75,1
39500,38.69,311.69,1
39550,38.69,311.69,1
39600,38.69,311.69,1
39650,38.69,311.69,1
39700,38.63,311.63,1
39750,38.63,311.63,1
39800,38.63,311.63,1
39850,38.63,311.63,1
39900,38.63,311.63,1
39950,38.56,311.56,1
40000,38.56,311.56,1
40050,38.56,311.56,1
40100,38.56,311.56,1
40150,38.5,311.5,1
40200,38.5,311.5,1
40250,38.5,311.5,1
40300,38.44,311.44,1
40350,38.44,311.44,1
40400,38.44,311.44,1
40450,38.44,311.44,1
40500,38.38,311.38,1
40550,38.38,311.38,1
40600,38.31,311.31,1
40650,38.31,311.31,1
40700,38.31,311.31,1
40750,38.31,311.31,1
40800,38.25,311.25,1
40850,38.25,311.25,1
40900,38.25,311.25,1
40950,38.19,311.19,1
41000,38.19,311.19,1
41050,38.19,311.19,1
41100,38.19,311.19,1
41150,38.19,311.19,1
41200,38.13,311.13,1
41250,38.13,311.13,1
41300,38.13,311.13,1
41350,38.06,311.06,1
41400,38.06,311.06,1
41450,38.06,311.06,1
41500,38.06,311.06,1
41550,38,311,1
41600,38,311,1
41650,38,311,1
41700,37.94,310.94,1
41750,37.94,310.94,1
41800,37.94,310.94,1
41850,37.94,310.94,1
41900,37.94,310.94,1
41950,37.88,310.88,1
42000,37.88,310.88,1
42050,37.88,310.88,1
42100,37.88,310.88,1
42150,37.81,310.81,1
42200,37.81,310.81,1
42250,37.81,310.81,1
42300,37.81,310.81,1
42350,37.75,310.75,1
42400,37.69,310.69,1
42450,37.69,310.69,1
42500,37.69,310.69,1
42550,37.69,310.69,1
42600,37.63,310.63,1
42650,37.63,310.63,1
42700,37.63,310.63,1
42750,37.56,310.56,1
42800,37.56,310.56,1
42850,37.56,310.56,1
42900,37.5,310.5,1
42950,37.5,310.5,1
43000,37.5,310.5,1
43050,37.5,310.5,1
43100,37.44,310.44,1
43150,37.44,310.44,1
43200,37.44,310.44,1
43250,37.38,310.38,1
43300,37.44,310.44,1
43350,37.38,310.38,1
43400,37.38,310.38,1
43450,37.38,310.38,1
43500,37.31,310.31,1
43550,37.31,310.31,1
43600,37.31,310.31,1
43650,37.31,310.31,1
43700,37.25,310.25,1
43750,37.25,310.25,1
43800,37.25,310.25,1
43850,37.25,310.25,1
43900,37.25,310.25,1
43950,37.25,310.25,1
44000,37.19,310.19,1
44050,37.19,310.19,1
44100,37.19,310.19,1
44150,37.19,310.19,1
44200,37.13,310.13,1
44250,37.13,310.13,1
44300,37.13,310.13,1
44350,37.13,310.13,1
44400,37.06,310.06,1
44450,37.13,310.13,1
44500,37.06,310.06,1
44550,37.06,310.06,1
44600,37.06,310.06,1
44650,37,310,1
44700,37,310,1
44750,37,310,1
44800,37,310,1
44850,37,310,1
44900,36.94,309.94,1
44950,36.94,309.94,1
45000,36.88,309.88,1
45050,36.88,309.88,1
45100,36.88,309.88,1
45150,36.88,309.88,1
45200,36.88,309.88,1
45250,36.81,309.81,1
45300,36.81,309.81,1
45350,36.81,309.81,1
45400,36.75,309.75,1
45450,36.75,309.75,1
45500,36.75,309.75,1
45550,36.75,309.75,1
45600,36.75,309.75,1
45650,36.69,309.69,1
45700,36.69,309.69,1
45750,36.69,309.69,1
45800,36.69,309.69,1
45850,36.63,309.63,1
45900,36.63,309.63,1
45950,36.63,309.63,1
46000,36.63,309.63,1
46050,36.56,309.56,1
46100,36.56,309.56,1
46150,36.56,309.56,1
46200,36.56,309.56,1
46250,36.56,309.56,1
46300,36.56,309.56,1
46350,36.5,309.5,1
46400,36.5,309.5,1
46450,36.5,309.5,1
46500,36.5,309.5,1
46550,36.5,309.5,1
46600,36.5,309.5,1
46650,36.44,309.44,1
46700,36.44,309.44,1
46750,36.44,309.44,1
46800,36.38,309.38,1
46850,36.38,309.38,1
46900,36.38,309.38,1
46950,36.31,309.31,1
47000,36.31,309.31,1
47050,36.31,309.31,1
47100,36.31,309.31,1
47150,36.31,309.31,1
47200,36.25,309.25,1
47250,36.25,309.25,1
47300,36.25,309.25,1
47350,36.25,309.25,1
47400,36.19,309.19,1
47450,36.19,309.19,1
47500,36.19,309.19,1
47550,36.19,309.19,1
47600,36.19,309.19,1
47650,36.13,309.13,1
47700,36.13,309.13,1
47750,36.13,309.13,1
47800,36.13,309.13,1
47850,36.13,309.13,1
47900,36.13,309.13,1
47950,36.06,309.06,1
48000,36.06,309.06,1
48050,36.06,309.06,1
48100,36.06,309.06,1
48150,36.06,309.06,1
48200,36,309,1
48250,36,309,1
48300,36,309,1
48350,36,309,1
48400,35.94,308.94,1
48450,35.94,308.94,1
48500,35.94,308.94,1
48550,35.94,308.94,1
48600,35.88,308.88,1
48650,35.88,308.88,1
48700,35.88,308.88,1
48750,35.88,308.88,1
48800,35.81,308.81,1
48850,35.81,308.81,1
48900,35.81,308.81,1
48950,35.81,308.81,1
49000,35.81,308.81,1
49050,35.75,308.75,1
49100,35.75,308.75,1
49150,35.75,308.75,1
49200,35.69,308.69,1
49250,35.69,308.69,1
49300,35.69,308.69,1
49350,35.69,308.69,1
49400,35.69,308.69,1
49450,35.69,308.69,1
49500,35.63,308.63,1
49550,35.63,308.63,1
49600,35.63,308.63,1
49650,35.63,308.63,1
49700,35.56,308.56,1
49750,35.56,308.56,1
49800,35.56,308.56,1
49850,35.56,308.56,1
49900,35.56,308.56,1
49950,35.56,308.56,1
50000,35.56,308.56,1
50050,35.5,308.5,1
50100,35.44,308.44,1
50150,35.44,308.44,1
50200,35.44,308.44,1
50250,35.44,308.44,1
50300,35.44,308.44,1
50350,35.44,308.44,1
50400,35.38,308.38,1
50450,35.44,308.44,1
50500,35.38,308.38,1
50550,35.38,308.38,1
50600,35.31,308.31,1
50650,35.31,308.31,1
50700,35.38,308.38,1
50750,35.31,308.31,1
50800,35.31,308.31,1
50850,35.31,308.31,1
50900,35.25,308.25,1
50950,35.31,308.31,1
51000,35.25,308.25,1
51050,35.25,308.25,1
51100,35.25,308.25,1
51150,35.25,308.25,1
51200,35.25,308.25,1
51250,35.19,308.19,1
51300,35.19,308.19,1
51350,35.19,308.19,1
51400,35.19,308.19,1
51450,35.13,308.13,1
51500,35.13,308.13,1
51550,35.13,308.13,1
51600,35.13,308.13,1
51650,35.13,308.13,1
51700,35.06,308.06,1
51750,35.06,308.06,1
51800,35.06,308.06,1
51850,35.06,308.06,1
51900,35,308,1
51950,35,308,1
52000,35,308,1
52050,35,308,1
52100,35,308,1
52150,35,308,1
52200,34.94,307.94,1
52250,34.94,307.94,1
52300,34.94,307.94,1
52350,34.88,307.88,1
52400,34.94,307.94,1
52450,34.88,307.88,1
52500,34.88,307.88,1
52550,34.88,307.88,1
52600,34.88,307.88,1
52650,34.88,307.88,1
52700,34.81,307.81,1
52750,34.81,307.81,1
52800,34.81,307.81,1
52850,34.81,307.81,1
52900,34.81,307.81,1
52950,34.81,307.81,1
53000,34.75,307.75,1
53050,34.75,307.75,1
53100,34.75,307.75,1
53150,34.75,307.75,1
53200,34.69,307.69,1
53250,34.69,307.69,1
53300,34.69,307.69,1
53350,34.69,307.69,1
53400,34.69,307.69,1
53450,34.69,307.69,1
53500,34.63,307.63,1
53550,34.63,307.63,1
53600,34.63,307.63,1
53650,34.63,307.63,1
53700,34.63,307.63,1
53750,34.63,307.63,1
53800,34.56,307.56,1
53850,34.56,307.56,1
53900,34.56,307.56,1
53950,34.5,307.5,1
54000,34.56,307.56,1
54050,34.5,307.5,1
54100,34.5,307.5,1
54150,34.5,307.5,1
54200,34.5,307.5,1
54250,34.5,307.5,1
54300,34.44,307.44,1
54350,34.44,307.44,1
54400,34.44,307.44,1
54450,34.44,307.44,1
54500,34.44,307.44,1
54550,34.44,307.44,1
54600,34.44,307.44,1
54650,34.38,307.38,1
54700,34.38,307.38,1
54750,34.38,307.38,1
54800,34.38,307.38,1
54850,34.38,307.38,1
54900,34.38,307.38,1
54950,34.31,307.31,1
55000,34.31,307.31,1
55050,34.31,307.31,1
55100,34.31,307.31,1
55150,34.25,307.25,1
55200,34.25,307.25,1
55250,34.25,307.25,1
55300,34.25,307.25,1
55350,34.25,307.25,1
55400,34.19,307.19,1
55450,34.25,307.25,1
55500,34.19,307.19,1
55550,34.19,307.19,1
55600,34.19,307.19,1
55650,34.19,307.19,1
55700,34.13,307.13,1
55750,34.13,307.13,1
55800,34.13,307.13,1
55850,34.13,307.13,1
55900,34.13,307.13,1
55950,34.13,307.13,1
56000,34.06,307.06,1
56050,34.06,307.06,1
56100,34.06,307.06,1
56150,34.06,307.06,1
56200,34,307,1
56250,34.06,307.06,1
56300,34,307,1
56350,34,307,1
56400,34,307,1
56450,34,307,1
56500,33.94,306.94,1
56550,34,307,1
56600,33.94,306.94,1
56650,33.94,306.94,1
56700,33.94,306.94,1
56750,33.94,306.94,1
56800,33.94,306.94,1
56850,33.94,306.94,1
56900,33.88,306.88,1
56950,33.88,306.88,1
57000,33.88,306.88,1
57050,33.88,306.88,1
57100,33.88,306.88,1
57150,33.88,306.88,1
57200,33.88,306.88,1
57250,33.81,306.81,1
57300,33.81,306.81,1
57350,33.81,306.81,1
57400,33.81,306.81,1
57450,33.81,306.81,1
57500,33.81,306.81,1
57550,33.75,306.75,1
57600,33.75,306.75,1
57650,33.75,306.75,1
57700,33.75,306.75,1
57750,33.75,306.75,1
57800,33.75,306.75,1
57850,33.69,306.69,1
57900,33.69,306.69,1
57950,33.69,306.69,1
58000,33.69,306.69,1
58050,33.69,306.69,1
58100,33.63,306.63,1
58150,33.63,306.63,1
58200,33.63,306.63,1
58250,33.63,306.63,1
58300,33.63,306.63,1
58350,33.56,306.56,1
58400,33.56,306.56,1
58450,33.56,306.56,1
58500,33.56,306.56,1
58550,33.56,306.56,1
58600,33.56,306.56,1
58650,33.56,306.56,1
58700,33.56,306.56,1
58750,33.5,306.5,1
58800,33.5,306.5,1
58850,33.5,306.5,1
58900,33.5,306.5,1
58950,33.5,306.5,1
59000,33.5,306.5,1
59050,33.44,306.44,1
59100,33.44,306.44,1
59150,33.44,306.44,1
59200,33.38,306.38,1
59250,33.38,306.38,1
59300,33.38,306.38,1
59350,33.38,306.38,1
59400,33.38,306.38,1
59450,33.31,306.31,1
59500,33.31,306.31,1
59550,33.31,306.31,1
59600,33.31,306.31,1
59650,33.31,306.31,1
59700,33.31,306.31,1
59750,33.31,306.31,1
59800,33.25,306.25,1
59850,33.25,306.25,1
59900,33.25,306.25,1
59950,33.25,306.25,1
60000,33.25,306.25,1
60050,33.19,306.19,1
60100,33.19,306.19,1
60150,33.19,306.19,1
60200,33.19,306.19,1
60250,33.19,306.19,1
60300,33.19,306.19,1
60350,33.13,306.13,1
60400,33.13,306.13,1
60450,33.13,306.13,1
60500,33.13,306.13,1
60550,33.13,306.13,1
60600,33.13,306.13,1
60650,33.13,306.13,1
60700,33.13,306.13,1
60750,33.06,306.06,1
60800,33.06,306.06,1
60850,33.06,306.06,1
60900,33.06,306.06,1
60950,33.06,306.06,1
61000,33.06,306.06,1
61050,33.06,306.06,1
61100,33.06,306.06,1
61150,33.06,306.06,1
61200,33.06,306.06,1
61250,33,306,1
61300,33,306,1
61350,33,306,1
61400,33,306,1
61450,33,306,1
61500,33,306,1
61550,33,306,1
61600,32.94,305.94,1
61650,32.94,305.94,1
61700,32.94,305.94,1
61750,32.94,305.94,1
61800,32.94,305.94,1
61850,32.94,305.94,1
61900,32.94,305.94,1
61950,32.88,305.88,1
62000,32.88,305.88,1
62050,32.88,305.88,1
62100,32.88,305.88,1
62150,32.88,305.88,1
62200,32.81,305.81,1
62250,32.81,305.81,1
62300,32.81,305.81,1
62350,32.81,305.81,1
62400,32.81,305.81,1
62450,32.81,305.81,1
62500,32.81,305.81,1
62550,32.81,305.81,1
62600,32.75,305.75,1
62650,32.81,305.81,1
62700,32.75,305.75,1
62750,32.75,305.75,1
62800,32.75,305.75,1
62850,32.75,305.75,1
62900,32.75,305.75,1
62950,32.69,305.69,1
63000,32.69,305.69,1
63050,32.69,305.69,1
63100,32.69,305.69,1
63150,32.69,305.69,1
63200,32.63,305.63,1
63250,32.63,305.63,1
63300,32.63,305.63,1
63350,32.63,305.63,1
63400,32.63,305.63,1
63450,32.63,305.63,1
63500,32.63,305.63,1
63550,32.63,305.63,1
63600,32.63,305.63,1
63650,32.56,305.56,1
63700,32.56,305.56,1
63750,32.56,305.56,1
63800,32.56,305.56,1
63850,32.56,305.56,1
63900,32.56,305.56,1
63950,32.5,305.5,1
64000,32.5,305.5,1
64050,32.5,305.5,1
64100,32.5,305.5,1
64150,32.5,305.5,1
64200,32.5,305.5,1
64250,32.44,305.44,1
64300,32.5,305.5,1
64350,32.44,305.44,1
64400,32.44,305.44,1
64450,32.44,305.44,1
64500,32.44,305.44,1
64550,32.44,305.44,1
64600,32.38,305.38,1
64650,32.38,305.38,1
64700,32.38,305.38,1
64750,32.38,305.38,1
64800,32.31,305.31,1
64850,32.31,305.31,1
64900,32.31,305.31,1
64950,32.31,305.31,1
65000,32.31,305.31,1
65050,32.31,305.31,1
65100,32.31,305.31,1
65150,32.25,305.25,1
65200,32.25,305.25,1
65250,32.31,305.31,1
65300,32.31,305.31,1
65350,32.25,305.25,1
65400,32.25,305.25,1
65450,32.25,305.25,1
65500,32.25,305.25,1
65550,32.25,305.25,1
65600,32.25,305.25,1
65650,32.25,305.25,1
65700,32.19,305.19,1
65750,32.19,305.19,1
65800,32.19,305.19,1
65850,32.19,305.19,1
65900,32.19,305.19,1
65950,32.19,305.19,1
66000,32.19,305.19,1
66050,32.19,305.19,1
66100,32.19,305.19,1
66150,32.13,305.13,1
66200,32.13,305.13,1
66250,32.13,305.13,1
66300,32.13,305.13,1
66350,32.13,305.13,1
66400,32.13,305.13,1
66450,32.06,305.06,1
66500,32.06,305.06,1
66550,32.06,305.06,1
66600,32.06,305.06,1
66650,32.06,305.06,1
66700,32.06,305.06,1
66750,32.06,305.06,1
66800,32,305,1
66850,32,305,1
66900,32,305,1
66950,32,305,1
67000,32,305,1
67050,32,305,1
67100,31.94,304.94,1
67150,32,305,1
67200,32,305,1
67250,31.94,304.94,1
67300,31.94,304.94,1
67350,31.94,304.94,1
67400,31.94,304.94,1
67450,31.94,304.94,1
67500,31.87,304.87,1
67550,31.87,304.87,1
67600,31.87,304.87,1
67650,31.94,304.94,1
67700,31.87,304.87,1
67750,31.87,304.87,1
67800,31.87,304.87,1
67850,31.87,304.87,1
67900,31.87,304.87,1
67950,31.81,304.81,1
68000,31.81,304.81,1
68050,31.81,304.81,1
68100,31.81,304.81,1
68150,31.81,304.81,1
68200,31.81,304.81,1
68250,31.81,304.81,1
68300,31.81,304.81,1
68350,31.81,304.81,1
68400,31.75,304.75,1
68450,31.75,304.75,1
68500,31.75,304.75,1
68550,31.75,304.75,1
68600,31.75,304.75,1
68650,31.75,304.75,1
68700,31.75,304.75,1
68750,31.69,304.69,1
68800,31.69,304.69,1
68850,31.69,304.69,1
68900,31.69,304.69,1
68950,31.69,304.69,1
69000,31.69,304.69,1
69050,31.69,304.69,1
69100,31.69,304.69,1
69150,31.69,304.69,1
69200,31.69,304.69,1
69250,31.62,304.62,1
69300,31.62,304.62,1
69350,31.62,304.62,1
69400,31.62,304.62,1
69450,31.62,304.62,1
69500,31.56,304.56,1
69550,31.56,304.56,1
69600,31.56,304.56,1
69650,31.56,304.56,1
69700,31.56,304.56,1
69750,31.56,304.56,1
69800,31.56,304.56,1
69850,31.56,304.56,1
69900,31.56,304.56,1
69950,31.56,304.56,1
70000,31.56,304.56,1
70050,31.56,304.56,1
70100,31.56,304.56,1
70150,31.56,304.56,1
70200,31.56,304.56,1
70250,31.56,304.56,1
70300,31.56,304.56,1
70350,31.56,304.56,1
70400,31.56,304.56,1
70450,31.5,304.5,1
70500,31.5,304.5,1
70550,31.5,304.5,1
70600,31.56,304.56,1
70650,31.5,304.5,1
70700,31.5,304.5,1
70750,31.5,304.5,1
70800,31.5,304.5,1
70850,31.5,304.5,1
70900,31.44,304.44,1
70950,31.44,304.44,1
71000,31.44,304.44,1
71050,31.44,304.44,1
71100,31.44,304.44,1
71150,31.37,304.37,1
71200,31.37,304.37,1
71250,31.37,304.37,1
71300,31.37,304.37,1
71350,31.37,304.37,1
71400,31.31,304.31,1
71450,31.31,304.31,1
71500,31.31,304.31,1
71550,31.31,304.31,1
71600,31.31,304.31,1
71650,31.31,304.31,1
71700,31.31,304.31,1
71750,31.31,304.31,1
71800,31.31,304.31,1
71850,31.31,304.31,1
71900,31.31,304.31,1
71950,31.25,304.25,1
72000,31.31,304.31,1
72050,31.25,304.25,1
72100,31.25,304.25,1
72150,31.25,304.25,1
72200,31.25,304.25,1
72250,31.25,304.25,1
72300,31.25,304.25,1
72350,31.25,304.25,1
72400,31.25,304.25,1
72450,31.19,304.19,1
72500,31.19,304.19,1
72550,31.19,304.19,1
72600,31.19,304.19,1
72650,31.19,304.19,1
72700,31.19,304.19,1
72750,31.19,304.19,1
72800,31.12,304.12,1
72850,31.19,304.19,1
72900,31.12,304.12,1
72950,31.12,304.12,1
73000,31.12,304.12,1
73050,31.12,304.12,1
73100,31.12,304.12,1
73150,31.12,304.12,1
73200,31.06,304.06,1
73250,31.12,304.12,1
73300,31.06,304.06,1
73350,31.06,304.06,1
73400,31.06,304.06,1
73450,31.06,304.06,1
73500,31.06,304.06,1
73550,31.06,304.06,1
73600,31.06,304.06,1
73650,31.06,304.06,1
73700,31,304,1
73750,31.06,304.06,1
73800,31.06,304.06,1
73850,31,304,1
73900,31,304,1
73950,31,304,1
74000,31,304,1
74050,31,304,1
74100,31,304,1
74150,31,304,1
74200,30.94,303.94,1
74250,30.94,303.94,1
74300,30.94,303.94,1
74350,30.94,303.94,1
74400,30.94,303.94,1
74450,30.94,303.94,1
74500,30.94,303.94,1
74550,30.87,303.87,1
74600,30.87,303.87,1
74650,30.87,303.87,1
74700,30.87,303.87,1
74750,30.87,303.87,1
74800,30.87,303.87,1
74850,30.87,303.87,1
74900,30.87,303.87,1
74950,30.87,303.87,1
75000,30.87,303.87,1
75050,30.81,303.81,1
75100,30.81,303.81,1
75150,30.81,303.81,1
75200,30.81,303.81,1
75250,30.81,303.81,1
75300,30.81,303.81,1
75350,30.81,303.81,1
75400,30.81,303.81,1
75450,30.75,303.75,1
75500,30.75,303.75,1
75550,30.75,303.75,1
75600,30.75,303.75,1
75650,30.69,303.69,1
75700,30.75,303.75,1
75750,30.75,303.75,1
75800,30.69,303.69,1
75850,30.75,303.75,1
75900,30.69,303.69,1
75950,30.69,303.69,1
76000,30.69,303.69,1
76050,30.69,303.69,1
76100,30.69,303.69,1
76150,30.69,303.69,1
76200,30.62,303.62,1
76250,30.62,303.62,1
76300,30.62,303.62,1
76350,30.62,303.62,1
76400,30.62,303.62,1
76450,30.62,303.62,1
76500,30.62,303.62,1
76550,30.62,303.62,1
76600,30.56,303.56,1
76650,30.62,303.62,1
76700,30.56,303.56,1
76750,30.56,303.56,1
76800,30.56,303.56,1
76850,30.56,303.56,1
76900,30.56,303.56,1
76950,30.56,303.56,1
77000,30.56,303.56,1
77050,30.5,303.5,1
77100,30.5,303.5,1
77150,30.56,303.56,1
77200,30.5,303.5,1
77250,30.5,303.5,1
77300,30.5,303.5,1
77350,30.5,303.5,1
77400,30.5,303.5,1
77450,30.5,303.5,1
77500,30.5,303.5,1
77550,30.5,303.5,1
77600,30.44,303.44,1
77650,30.44,303.44,1
77700,30.5,303.5,1
77750,30.44,303.44,1
77800,30.44,303.44,1
77850,30.44,303.44,1
77900,30.44,303.44,1
77950,30.44,303.44,1
78000,30.44,303.44,1
78050,30.44,303.44,1
78100,30.37,303.37,1
78150,30.37,303.37,1
78200,30.37,303.37,1
78250,30.31,303.31,1
78300,30.37,303.37,1
78350,30.37,303.37,1
78400,30.37,303.37,1
78450,30.31,303.31,1
78500,30.37,303.37,1
78550,30.31,303.31,1
78600,30.31,303.31,1
78650,30.31,303.31,1
78700,30.31,303.31,1
78750,30.31,303.31,1
78800,30.31,303.31,1
78850,30.31,303.31,1
78900,30.31,303.31,1
78950,30.31,303.31,1
79000,30.25,303.25,1
79050,30.31,303.31,1
79100,30.25,303.25,1
79150,30.25,303.25,1
79200,30.25,303.25,1
79250,30.25,303.25,1
79300,30.25,303.25,1
79350,30.19,303.19,1
79400,30.25,303.25,1
79450,30.19,303.19,1
79500,30.19,303.19,1
79550,30.25,303.25,1
79600,30.19,303.19,1
79650,30.19,303.19,1
79700,30.19,303.19,1
79750,30.19,303.19,1
79800,30.19,303.19,1
79850,30.19,303.19,1
79900,30.19,303.19,1
79950,30.19,303.19,1
80000,30.12,303.12,1
80050,30.12,303.12,1
80100,30.12,303.12,1
80150,30.12,303.12,1
80200,30.12,303.12,1
80250,30.12,303.12,1
80300,30.12,303.12,1
80350,30.12,303.12,1
80400,30.06,303.06,1
80450,30.06,303.06,1
80500,30.06,303.06,1
80550,30.06,303.06,1
80600,30.06,303.06,1
80650,30.06,303.06,1
80700,30.06,303.06,1
80750,30.06,303.06,1
80800,30.06,303.06,1
80850,30,303,1
80900,30.06,303.06,1
80950,30.06,303.06,1
81000,30,303,1
81050,30,303,1
81100,30,303,1
81150,30,303,1
81200,30,303,1
81250,30,303,1
81300,30,303,1
81350,30,303,1
81400,29.94,302.94,1
81450,30,303,1
81500,29.94,302.94,1
81550,29.94,302.94,1
81600,29.94,302.94,1
81650,29.94,302.94,1
81700,29.94,302.94,1
81750,29.94,302.94,1
81800,29.94,302.94,1
81850,29.87,302.87,1
81900,29.87,302.87,1
81950,29.87,302.87,1
82000,29.87,302.87,1
82050,29.87,302.87,1
82100,29.81,302.81,1
82150,29.87,302.87,1
82200,29.87,302.87,1
82250,29.81,302.81,1
82300,29.81,302.81,1
82350,29.81,302.81,1
82400,29.81,302.81,1
82450,29.81,302.81,1
82500,29.81,302.81,1
82550,29.81,302.81,1
82600,29.75,302.75,1
82650,29.81,302.81,1
82700,29.75,302.75,1
82750,29.75,302.75,1
82800,29.75,302.75,1
82850,29.75,302.75,1
82900,29.75,302.75,1
82950,29.75,302.75,1
83000,29.75,302.75,1
83050,29.75,302.75,1
83100,29.69,302.69,1
83150,29.69,302.69,1
83200,29.69,302.69,1
83250,29.69,302.69,1
83300,29.69,302.69,1
83350,29.69,302.69,1
83400,29.69,302.69,1
83450,29.62,302.62,1
83500,29.69,302.69,1
83550,29.69,302.69,1
